WINDCODE,INDATE,OUTDATE
600267.SH,20150615,20191213
000040.SZ,20070115,20101231
600725.SH,20070115,20130628
000501.SZ,20070115,20600101
002653.SZ,20151214,20160608
000519.SZ,20141215,20600101
601777.SH,20110701,20191213
002244.SZ,20090105,20090630
601008.SH,20100104,20100630
002690.SZ,20161212,20600101
002230.SZ,20090827,20131213
600482.SH,20070115,20161209
002219.SZ,20130104,20160608
600509.SH,20070115,20161209
000726.SZ,20070115,20171208
600337.SH,20080701,20160608
600236.SH,20110104,20140613
002450.SZ,20120702,20130628
600533.SH,20080701,20140613
000628.SZ,20070115,20071228
000996.SZ,20090701,20120629
002204.SZ,20090701,20100630
000888.SZ,20070115,20090630
600260.SH,20070115,20110630
600680.SH,20070115,20071228
000025.SZ,20161212,20201211
000420.SZ,20070115,20090630
600724.SH,20110104,20110630
002161.SZ,20090701,20170609
002025.SZ,20100104,20170609
600365.SH,20070115,20071228
000960.SZ,20161212,20600101
000656.SZ,20120702,20121231
601126.SH,20110701,20161209
600156.SH,20070115,20091231
000977.SZ,20070115,20080630
000662.SZ,20070115,20090630
600020.SH,20100701,20110630
300134.SZ,20141215,20600101
002405.SZ,20130701,20180608
600426.SH,20110104,20600101
000539.SZ,20120104,20121231
600609.SH,20090105,20100630
600278.SH,20070115,20120629
600991.SH,20080102,20120319
600312.SH,20120702,20600101
600855.SH,20070115,20101231
000656.SZ,20141215,20190614
002233.SZ,20090701,20600101
000782.SZ,20070115,20090630
002266.SZ,20090701,20110630
000950.SZ,20090105,20120629
001872.SZ,20090105,20100630
600761.SH,20090701,20161209
600529.SH,20070115,20120629
002105.SZ,20070702,20080630
600395.SH,20150615,20181214
002428.SZ,20110218,20181214
002081.SZ,20070702,20071228
600626.SH,20070115,20110630
600172.SH,20070115,20081231
000759.SZ,20070115,20141212
000099.SZ,20070702,20180608
002029.SZ,20070115,20070629
000655.SZ,20080102,20081231
000659.SZ,20070115,20131213
002317.SZ,20100701,20110630
000078.SZ,20070115,20600101
300085.SZ,20151214,20160608
002083.SZ,20080102,20150612
002544.SZ,20161212,20600101
002624.SZ,20160613,20161209
600567.SH,20070115,20091231
600098.SH,20141215,20150612
600186.SH,20070702,20100630
600970.SH,20140616,20600101
002221.SZ,20131216,20600101
000008.SZ,20160613,20161209
000693.SZ,20140616,20160608
600303.SH,20070115,20090630
000916.SZ,20080102,20101231
600820.SH,20110104,20150612
600459.SH,20070115,20101231
002375.SZ,20160613,20600101
600356.SH,20070115,20081231
000939.SZ,20070702,20180608
600481.SH,20070115,20100630
002534.SZ,20110701,20141212
600551.SH,20100104,20110630
002426.SZ,20160613,20161209
002045.SZ,20070115,20081231
600282.SH,20151214,20600101
300043.SZ,20150615,20181214
002140.SZ,20110701,20160608
600831.SH,20070115,20171208
000780.SZ,20131216,20151211
601965.SH,20131216,20161209
000685.SZ,20090105,20090630
002431.SZ,20140616,20191213
600565.SH,20070115,20111230
600203.SH,20070115,20071228
002203.SZ,20130104,20160608
600830.SH,20070115,20150612
600726.SH,20070115,20101231
002004.SZ,20070115,20071228
600755.SH,20100104,20600101
000735.SZ,20090105,20151211
000514.SZ,20080102,20121231
600500.SH,20130104,20141212
601999.SH,20080701,20151211
002249.SZ,20090701,20600101
600580.SH,20070115,20600101
000931.SZ,20070702,20080630
000636.SZ,20100104,20600101
600817.SH,20070115,20080630
000554.SZ,20070115,20130628
002240.SZ,20141215,20151211
002129.SZ,20080102,20131213
002012.SZ,20070115,20070629
002179.SZ,20100104,20181214
002410.SZ,20110104,20140613
600657.SH,20110701,20600101
600057.SH,20070115,20080630
603866.SH,20161212,20171208
000886.SZ,20070702,20150612
600277.SH,20110104,20121231
600970.SH,20080701,20081231
600056.SH,20070115,20600101
002123.SZ,20161212,20180608
002075.SZ,20120104,20121231
600282.SH,20110104,20111230
600226.SH,20070115,20130628
600215.SH,20070115,20091231
002340.SZ,20100701,20600101
600653.SH,20100104,20121231
600439.SH,20070115,20150612
300136.SZ,20161212,20171208
002293.SZ,20120702,20161209
600578.SH,20120702,20131213
000050.SZ,20191216,20600101
000402.SZ,20191216,20600101
000553.SZ,20191216,20600101
000825.SZ,20191216,20600101
000967.SZ,20191216,20600101
001872.SZ,20191216,20600101
002013.SZ,20191216,20600101
002065.SZ,20191216,20200612
002180.SZ,20191216,20200612
002203.SZ,20191216,20600101
002423.SZ,20191216,20600101
002625.SZ,20191216,20600101
002653.SZ,20191216,20600101
002867.SZ,20191216,20600101
002925.SZ,20191216,20600101
002957.SZ,20191216,20600101
300012.SZ,20191216,20600101
300014.SZ,20191216,20200612
300072.SZ,20191216,20600101
300180.SZ,20191216,20600101
300251.SZ,20191216,20201211
300285.SZ,20191216,20600101
300296.SZ,20191216,20600101
300529.SZ,20191216,20200612
600132.SH,20191216,20600101
600150.SH,20191216,20200612
600256.SH,20191216,20600101
600273.SH,20191216,20600101
600339.SH,20191216,20600101
600415.SH,20191216,20600101
600446.SH,20191216,20600101
600704.SH,20191216,20600101
600728.SH,20191216,20600101
600776.SH,20191216,20600101
601099.SH,20191216,20600101
601228.SH,20191216,20600101
601233.SH,20191216,20600101
601598.SH,20191216,20600101
601799.SH,20191216,20600101
601860.SH,20191216,20600101
601865.SH,20191216,20600101
601975.SH,20191216,20600101
603256.SH,20191216,20600101
603317.SH,20191216,20600101
603338.SH,20191216,20600101
603379.SH,20191216,20600101
603707.SH,20191216,20201211
603858.SH,20191216,20600101
603882.SH,20191216,20600101
603983.SH,20191216,20600101
601010.SH,20120104,20170609
600107.SH,20090105,20121231
000522.SZ,20070115,20130425
600183.SH,20130104,20191213
002461.SZ,20120104,20161209
600500.SH,20150615,20600101
000573.SZ,20070115,20101231
000418.SZ,20120320,20190614
600893.SH,20070115,20071228
600819.SH,20120301,20121231
600677.SH,20070115,20100630
002572.SZ,20131216,20141212
600026.SH,20130701,20600101
002407.SZ,20161212,20201211
600240.SH,20070115,20190614
601718.SH,20131216,20151211
600469.SH,20070115,20140613
002362.SZ,20110701,20121231
000688.SZ,20131216,20151211
600074.SH,20070115,20101231
600235.SH,20070115,20080630
600199.SH,20110701,20130628
000848.SZ,20110701,20201211
000905.SZ,20070115,20120629
600862.SH,20161212,20600101
002503.SZ,20130701,20600101
000032.SZ,20070115,20091231
600551.SH,20120702,20171208
000540.SZ,20090701,20151211
000828.SZ,20130104,20131213
600321.SH,20070115,20081231
000720.SZ,20070115,20081231
600317.SH,20141215,20150612
000793.SZ,20120104,20131213
000600.SZ,20090105,20110630
000959.SZ,20161212,20170609
601139.SH,20150615,20160608
300072.SZ,20150615,20161209
002672.SZ,20130104,20200612
601208.SH,20120104,20151211
600079.SH,20070115,20130628
600894.SH,20070702,20111230
600630.SH,20070115,20110630
600595.SH,20130701,20140613
002267.SZ,20100701,20161209
601012.SH,20140616,20171208
002498.SZ,20151214,20170609
000860.SZ,20070115,20191213
600189.SH,20070115,20100630
000570.SZ,20070115,20090630
600291.SH,20161212,20600101
000826.SZ,20070115,20130628
600330.SH,20070115,20131213
002143.SZ,20150615,20160608
002097.SZ,20090701,20130628
600596.SH,20110701,20171208
002572.SZ,20160613,20171208
002419.SZ,20130701,20160608
600280.SH,20070115,20070629
000507.SZ,20070702,20100630
600120.SH,20070115,20111230
600648.SH,20110701,20120629
300182.SZ,20151214,20161209
600825.SH,20110104,20170609
002011.SZ,20090701,20181214
000755.SZ,20070115,20071228
000938.SZ,20070115,20101231
002080.SZ,20070702,20080630
600782.SH,20110104,20121231
300159.SZ,20161212,20200612
000524.SZ,20070115,20081231
600162.SH,20070115,20150612
600536.SH,20140616,20200612
600308.SH,20100104,20140613
600410.SH,20080102,20600101
000511.SZ,20070115,20160608
000850.SZ,20080701,20151211
601231.SH,20161212,20180608
000661.SZ,20130104,20131213
600062.SH,20141215,20600101
002439.SZ,20151214,20201211
002681.SZ,20150615,20200612
002551.SZ,20140616,20180608
002698.SZ,20130701,20170609
600537.SH,20120702,20171208
000901.SZ,20070115,20071228
000566.SZ,20130104,20181214
600818.SH,20100104,20110630
600258.SH,20070115,20130628
002262.SZ,20130701,20141212
600212.SH,20070115,20071228
002642.SZ,20150615,20190614
600854.SH,20070115,20070629
002493.SZ,20151214,20160608
600488.SH,20070115,20151211
600059.SH,20070115,20180608
601616.SH,20120702,20141212
600253.SH,20070115,20090630
002194.SZ,20100701,20171208
000062.SZ,20141215,20600101
601168.SH,20151214,20600101
600202.SH,20070115,20120629
601226.SH,20150615,20161209
600395.SH,20070115,20090630
002665.SZ,20141215,20201211
000751.SZ,20110104,20120629
600880.SH,20150615,20180608
600694.SH,20140616,20201211
000786.SZ,20080701,20180608
002093.SZ,20080102,20091231
600757.SH,20130104,20201211
601100.SH,20120702,20141212
000428.SZ,20070115,20121231
600602.SH,20100701,20121231
600801.SH,20070115,20070629
600446.SH,20150615,20151211
600312.SH,20080102,20091231
600295.SH,20070702,20090630
600814.SH,20070115,20091231
000921.SZ,20131216,20160608
600702.SH,20070115,20151211
000576.SZ,20070115,20090630
002465.SZ,20110701,20140613
300168.SZ,20141215,20150612
000852.SZ,20080701,20160608
002001.SZ,20070115,20081231
600780.SH,20090701,20160608
002601.SZ,20120104,20141212
002195.SZ,20150615,20151211
002032.SZ,20140616,20141212
000812.SZ,20070115,20071228
600503.SH,20151214,20190614
603369.SH,20141215,20160608
002336.SZ,20110104,20120629
600628.SH,20090105,20180608
600973.SH,20070115,20101231
600152.SH,20070115,20081231
600821.SH,20070115,20091231
002039.SZ,20070115,20070629
002223.SZ,20100104,20100630
600645.SH,20130104,20600101
600481.SH,20120702,20181214
600540.SH,20070115,20100630
600008.SH,20120702,20131213
000762.SZ,20070115,20181214
600120.SH,20131216,20600101
600166.SH,20090105,20091231
600787.SH,20090105,20600101
600566.SH,20140616,20141212
000758.SZ,20141215,20600101
000848.SZ,20070115,20080630
002062.SZ,20090701,20120629
600987.SH,20070115,20101231
002004.SZ,20130104,20600101
601872.SH,20141215,20150612
600094.SH,20151214,20600101
000028.SZ,20070115,20600101
002098.SZ,20070702,20081231
000301.SZ,20100701,20130628
000037.SZ,20070115,20070629
600650.SH,20070702,20111230
002328.SZ,20100701,20111230
600894.SH,20131216,20180608
600495.SH,20070115,20081231
002056.SZ,20070702,20600101
600667.SH,20070115,20120629
601929.SH,20151214,20171208
000555.SZ,20141215,20150612
002267.SZ,20090701,20091231
600466.SH,20160613,20600101
002506.SZ,20110701,20130628
600604.SH,20070115,20080630
002053.SZ,20070115,20100630
000592.SZ,20150615,20181214
002073.SZ,20080701,20110630
600446.SH,20070115,20080630
002002.SZ,20160613,20600101
000581.SZ,20090105,20111230
002371.SZ,20131216,20200612
000687.SZ,20090105,20120629
002216.SZ,20090701,20100630
002375.SZ,20110104,20110630
600640.SH,20131216,20600101
000594.SZ,20070115,20120629
600436.SH,20150615,20170609
002251.SZ,20090105,20110630
002114.SZ,20080102,20081231
002055.SZ,20070115,20070629
600391.SH,20070115,20101231
300010.SZ,20160613,20600101
002400.SZ,20131216,20140613
600566.SH,20150615,20160608
000089.SZ,20110104,20120629
002174.SZ,20141215,20160608
002416.SZ,20131216,20140613
000701.SZ,20070115,20081231
600160.SH,20080102,20111230
600141.SH,20090105,20600101
000918.SZ,20120702,20131213
603698.SH,20150615,20171208
002182.SZ,20080701,20100630
600033.SH,20110701,20121231
000559.SZ,20100701,20101231
600422.SH,20070115,20091231
601636.SH,20120702,20141212
000400.SZ,20160613,20600101
600317.SH,20070115,20111230
603806.SH,20151214,20600101
002146.SZ,20090701,20091231
002281.SZ,20100701,20600101
600380.SH,20120702,20600101
600392.SH,20070115,20080630
600311.SH,20110104,20141212
300244.SZ,20150615,20600101
600665.SH,20070115,20110630
002493.SZ,20131216,20140613
600105.SH,20070115,20090630
600129.SH,20070115,20120629
000767.SZ,20100701,20120629
002028.SZ,20070115,20070629
601005.SH,20100104,20101231
002131.SZ,20160613,20161209
002051.SZ,20151214,20600101
600861.SH,20070115,20101231
002653.SZ,20120702,20130628
000828.SZ,20090105,20110630
600841.SH,20130701,20140613
000965.SZ,20100104,20101231
002022.SZ,20100104,20181214
002342.SZ,20110701,20181214
603369.SH,20161212,20191213
000737.SZ,20070115,20101231
600263.SH,20070115,20120229
002155.SZ,20140616,20600101
002023.SZ,20070115,20080630
600629.SH,20090701,20091231
600696.SH,20070115,20081231
002437.SZ,20110104,20200612
600517.SH,20070115,20081231
002030.SZ,20070115,20080630
600108.SH,20151214,20181214
000089.SZ,20161212,20600101
000158.SZ,20160613,20600101
002699.SZ,20160613,20191213
600239.SH,20080701,20091231
000065.SZ,20070115,20070629
601155.SH,20160613,20161209
600746.SH,20070115,20091231
002135.SZ,20080102,20080630
000979.SZ,20110701,20181214
002204.SZ,20140616,20160608
600200.SH,20120702,20171208
002085.SZ,20070702,20081231
002187.SZ,20080701,20091231
000652.SZ,20120104,20180608
000548.SZ,20070115,20110630
002073.SZ,20070702,20071228
600486.SH,20090701,20091231
600824.SH,20070115,20130628
601016.SH,20161212,20600101
002354.SZ,20151214,20190614
002183.SZ,20080701,20151211
600597.SH,20110701,20130628
300296.SZ,20161212,20171208
000702.SZ,20070115,20080630
002095.SZ,20070702,20080630
002326.SZ,20100701,20131213
600069.SH,20070115,20140613
600251.SH,20070115,20081231
002635.SZ,20130701,20600101
600438.SH,20070115,20070629
600808.SH,20150615,20600101
603377.SH,20161212,20600101
000761.SZ,20161212,20200612
000975.SZ,20070115,20600101
600617.SH,20150615,20161209
600352.SH,20070115,20081231
600409.SH,20070115,20081231
000657.SZ,20070115,20071228
002294.SZ,20120702,20130628
002345.SZ,20100701,20190614
600825.SH,20070702,20071228
600438.SH,20100104,20150612
600168.SH,20070115,20120629
601515.SH,20130104,20161209
600475.SH,20070115,20130628
600879.SH,20120702,20600101
300115.SZ,20141215,20600101
600491.SH,20070115,20141212
600335.SH,20130701,20201211
600723.SH,20070115,20141212
600409.SH,20090701,20600101
600557.SH,20070115,20201211
002651.SZ,20120702,20130628
600180.SH,20070115,20071228
002212.SZ,20100104,20101231
600039.SH,20070115,20100630
000530.SZ,20070115,20081231
600498.SH,20080102,20101231
000683.SZ,20070115,20140613
600201.SH,20070115,20100630
002091.SZ,20100104,20151211
000682.SZ,20080701,20130628
601008.SH,20080102,20090630
600037.SH,20130701,20151211
600251.SH,20110104,20171208
000551.SZ,20070115,20081231
603766.SH,20130701,20201211
600176.SH,20070115,20080630
002121.SZ,20100212,20131213
601566.SH,20131216,20150612
002271.SZ,20131216,20180608
600102.SH,20110701,20120227
603899.SH,20150615,20160608
002588.SZ,20131216,20190614
600858.SH,20070115,20070629
600372.SH,20070115,20071228
000596.SZ,20110701,20111230
001696.SZ,20070115,20181214
600535.SH,20090105,20091231
600595.SH,20070115,20071228
300273.SZ,20141215,20181214
002021.SZ,20070115,20080630
600366.SH,20070115,20190614
000969.SZ,20131216,20190614
603328.SH,20141215,20600101
002061.SZ,20070702,20080630
300266.SZ,20161212,20191213
600859.SH,20140616,20600101
600643.SH,20110104,20600101
600789.SH,20070115,20121231
000717.SZ,20110104,20121231
000926.SZ,20070115,20191213
600978.SH,20070115,20070629
603883.SH,20151214,20600101
600298.SH,20080102,20201211
002250.SZ,20110701,20600101
600805.SH,20070115,20171208
600328.SH,20070115,20130628
603000.SH,20130104,20131213
600281.SH,20070115,20110630
000669.SZ,20131216,20180608
600338.SH,20161212,20600101
600511.SH,20070115,20090630
600300.SH,20070115,20091231
002266.SZ,20131216,20600101
600510.SH,20070115,20161209
000049.SZ,20131216,20190614
002299.SZ,20141215,20161209
601339.SH,20130104,20141212
600575.SH,20110701,20121231
600291.SH,20080102,20120629
000727.SZ,20160613,20200612
600249.SH,20070115,20101231
600744.SH,20070702,20110630
603699.SH,20150615,20161209
600637.SH,20070702,20080630
000599.SZ,20070115,20110630
600521.SH,20080102,20181214
600373.SH,20120104,20140613
300122.SZ,20161212,20171208
000890.SZ,20070115,20090630
002123.SZ,20090701,20150612
601005.SH,20150615,20161209
002050.SZ,20070115,20070629
002085.SZ,20151214,20161209
600661.SH,20070115,20080630
000006.SZ,20070115,20200612
600624.SH,20070115,20101231
000401.SZ,20150615,20600101
000572.SZ,20070115,20071228
600361.SH,20080701,20120629
000997.SZ,20080102,20600101
002236.SZ,20110701,20120629
002414.SZ,20110104,20201211
600971.SH,20070115,20110630
600525.SH,20070115,20071228
600662.SH,20080701,20130628
000968.SZ,20070115,20081231
002242.SZ,20110701,20130628
000413.SZ,20131216,20140613
000547.SZ,20150615,20600101
600376.SH,20181217,20600101
002311.SZ,20120702,20121231
000959.SZ,20120702,20131213
600764.SH,20210315,20600101
600956.SH,20210315,20600101
002386.SZ,20110104,20130628
600724.SH,20130701,20141212
000504.SZ,20070115,20091231
002505.SZ,20151214,20600101
600850.SH,20130701,20170609
000903.SZ,20070115,20131213
600594.SH,20070115,20140613
000666.SZ,20070115,20091231
000042.SZ,20070115,20140613
000707.SZ,20090105,20110630
600378.SH,20070115,20071228
300287.SZ,20160613,20191213
002028.SZ,20080701,20090630
000933.SZ,20140616,20160608
002154.SZ,20090701,20091231
000983.SZ,20160613,20161209
002277.SZ,20100104,20190614
600652.SH,20070115,20101231
002118.SZ,20130104,20201211
000811.SZ,20070115,20090630
000919.SZ,20070115,20170609
600121.SH,20070702,20140613
002258.SZ,20100104,20110630
000732.SZ,20120104,20160608
002005.SZ,20120104,20180608
002031.SZ,20070115,20090630
600236.SH,20151214,20161209
600157.SH,20120104,20121231
600337.SH,20070115,20071228
600425.SH,20090701,20170609
600180.SH,20130701,20170609
002152.SZ,20120702,20141212
600106.SH,20070115,20140613
600573.SH,20070115,20090630
000697.SZ,20130104,20171208
002490.SZ,20130701,20151211
000552.SZ,20131216,20191213
001914.SZ,20070115,20081231
002309.SZ,20100701,20171208
600051.SH,20070115,20101231
600436.SH,20070115,20080630
002218.SZ,20090105,20131213
600125.SH,20131216,20201211
000033.SZ,20070115,20081231
002325.SZ,20130104,20180608
300147.SZ,20141215,20180608
600710.SH,20070115,20130628
600063.SH,20070115,20140613
000738.SZ,20110701,20140613
600748.SH,20110701,20600101
600499.SH,20141215,20200612
600961.SH,20070115,20070629
000667.SZ,20070115,20071228
600161.SH,20120702,20201211
600737.SH,20120702,20151211
002358.SZ,20140616,20200612
600082.SH,20070115,20111230
000559.SZ,20130701,20141212
600332.SH,20080102,20121231
600812.SH,20130701,20161209
002069.SZ,20080701,20101231
300032.SZ,20160613,20181214
601717.SH,20140616,20600101
000582.SZ,20150615,20160608
600768.SH,20070115,20071228
002244.SZ,20140616,20600101
000520.SZ,20070702,20111230
600572.SH,20070115,20070629
002147.SZ,20090701,20091231
002705.SZ,20140616,20151211
002252.SZ,20090701,20140613
600300.SH,20131216,20181214
600834.SH,20100701,20120629
600477.SH,20070115,20071228
002046.SZ,20070115,20071228
600633.SH,20070115,20070629
002557.SZ,20130701,20151211
600590.SH,20070115,20131213
600639.SH,20100701,20600101
600967.SH,20140616,20600101
600230.SH,20070115,20111230
000540.SZ,20201214,20600101
000709.SZ,20201214,20600101
002299.SZ,20201214,20600101
002468.SZ,20201214,20600101
002568.SZ,20201214,20600101
002683.SZ,20201214,20600101
002705.SZ,20201214,20600101
002791.SZ,20201214,20600101
002966.SZ,20201214,20600101
002985.SZ,20201214,20600101
300146.SZ,20201214,20600101
300223.SZ,20201214,20600101
300463.SZ,20201214,20600101
300699.SZ,20201214,20600101
600038.SH,20201214,20600101
600089.SH,20201214,20600101
600131.SH,20201214,20600101
600170.SH,20201214,20600101
600188.SH,20201214,20600101
600219.SH,20201214,20600101
600372.SH,20201214,20600101
600398.SH,20201214,20600101
600516.SH,20201214,20600101
600517.SH,20201214,20600101
600546.SH,20201214,20600101
600556.SH,20201214,20600101
600867.SH,20201214,20600101
600871.SH,20201214,20600101
600928.SH,20201214,20600101
600968.SH,20201214,20600101
601298.SH,20201214,20600101
601456.SH,20201214,20600101
601778.SH,20201214,20600101
601828.SH,20201214,20600101
601992.SH,20201214,20600101
601997.SH,20201214,20600101
603260.SH,20201214,20600101
603290.SH,20201214,20600101
603345.SH,20201214,20600101
603589.SH,20201214,20600101
603638.SH,20201214,20600101
603719.SH,20201214,20600101
603737.SH,20201214,20600101
603893.SH,20201214,20600101
603927.SH,20201214,20600101
688002.SH,20201214,20600101
688029.SH,20201214,20600101
688088.SH,20201214,20600101
688099.SH,20201214,20600101
688321.SH,20201214,20600101
600126.SH,20070115,20120629
002293.SZ,20100701,20110630
600423.SH,20070115,20120629
300039.SZ,20141215,20181214
002489.SZ,20110701,20191213
600345.SH,20070115,20081231
000661.SZ,20141215,20181214
600837.SH,20070115,20070629
600163.SH,20090701,20130628
000027.SZ,20170612,20600101
000039.SZ,20170612,20600101
000061.SZ,20170612,20600101
000536.SZ,20170612,20200612
000662.SZ,20170612,20180608
000712.SZ,20170612,20201211
000729.SZ,20170612,20600101
000732.SZ,20170612,20600101
000766.SZ,20170612,20200612
000778.SZ,20170612,20600101
002120.SZ,20170612,20171208
002127.SZ,20170612,20201211
002147.SZ,20170612,20190614
002468.SZ,20170612,20171208
002517.SZ,20170612,20191213
002583.SZ,20170612,20600101
002601.SZ,20170612,20171208
002709.SZ,20170612,20600101
002807.SZ,20170612,20600101
002815.SZ,20170612,20600101
002818.SZ,20170612,20600101
300002.SZ,20170612,20600101
300058.SZ,20170612,20600101
300116.SZ,20170612,20181214
300146.SZ,20170612,20190614
300376.SZ,20170612,20600101
300383.SZ,20170612,20200612
600126.SH,20170612,20600101
600566.SH,20170612,20180608
600582.SH,20170612,20600101
600642.SH,20170612,20600101
600648.SH,20170612,20600101
600754.SH,20170612,20600101
600839.SH,20170612,20600101
600936.SH,20170612,20181214
600996.SH,20170612,20201211
601020.SH,20170612,20190614
601811.SH,20170612,20201211
601928.SH,20170612,20600101
603000.SH,20170612,20600101
603228.SH,20170612,20600101
603444.SH,20170612,20600101
603515.SH,20170612,20600101
603556.SH,20170612,20201211
603569.SH,20170612,20191213
603658.SH,20170612,20190614
603799.SH,20170612,20171208
603816.SH,20170612,20600101
603877.SH,20170612,20200612
603888.SH,20170612,20600101
000961.SZ,20141215,20170609
600864.SH,20070115,20170609
000016.SZ,20070115,20111230
600277.SH,20070115,20100630
000900.SZ,20110701,20161209
000788.SZ,20131216,20151211
601886.SH,20140616,20171208
600231.SH,20070702,20131213
000952.SZ,20080102,20101231
600884.SH,20070702,20600101
000410.SZ,20090105,20131213
600533.SH,20070115,20071228
603188.SH,20150615,20181214
002589.SZ,20160613,20600101
000949.SZ,20070115,20121231
600834.SH,20070702,20090630
600227.SH,20070115,20131213
002029.SZ,20120104,20170609
600319.SH,20070115,20090630
002568.SZ,20151214,20160608
600178.SH,20070115,20121231
600293.SH,20070115,20121231
600971.SH,20140616,20191213
600496.SH,20070115,20171208
600343.SH,20070115,20100630
600983.SH,20070115,20151211
000421.SZ,20070115,20091231
000837.SZ,20070115,20121231
600844.SH,20090105,20150612
600612.SH,20070115,20070629
600851.SH,20090105,20170609
600823.SH,20070115,20080630
600289.SH,20070115,20180608
002308.SZ,20100701,20190614
000416.SZ,20070115,20110630
000875.SZ,20070702,20120629
600467.SH,20070115,20150612
002384.SZ,20110104,20200612
600325.SH,20110701,20600101
600885.SH,20131216,20160608
002238.SZ,20090701,20170609
002714.SZ,20140616,20150612
002368.SZ,20131216,20600101
600707.SH,20070115,20121231
000008.SZ,20180611,20600101
000553.SZ,20180611,20181214
000686.SZ,20180611,20600101
000738.SZ,20180611,20600101
000750.SZ,20180611,20600101
000813.SZ,20180611,20600101
000980.SZ,20180611,20200612
002110.SZ,20180611,20600101
002129.SZ,20180611,20200612
002174.SZ,20180611,20600101
002180.SZ,20180611,20181214
002212.SZ,20180611,20600101
002302.SZ,20180611,20600101
002399.SZ,20180611,20600101
002424.SZ,20180611,20600101
002426.SZ,20180611,20200612
002465.SZ,20180611,20600101
002509.SZ,20180611,20191213
002563.SZ,20180611,20190614
002600.SZ,20180611,20181214
002831.SZ,20180611,20600101
002839.SZ,20180611,20600101
002841.SZ,20180611,20181214
002916.SZ,20180611,20191213
002920.SZ,20180611,20600101
300156.SZ,20180611,20190614
300308.SZ,20180611,20200612
300315.SZ,20180611,20600101
300418.SZ,20180611,20600101
600021.SH,20180611,20600101
600167.SH,20180611,20600101
600258.SH,20180611,20600101
600350.SH,20180611,20600101
600528.SH,20180611,20600101
600649.SH,20180611,20600101
600760.SH,20180611,20181214
600777.SH,20180611,20201211
600827.SH,20180611,20600101
600895.SH,20180611,20600101
601019.SH,20180611,20201211
601098.SH,20180611,20600101
601179.SH,20180611,20600101
601608.SH,20180611,20600101
601801.SH,20180611,20600101
601872.SH,20180611,20200612
601966.SH,20180611,20600101
603056.SH,20180611,20600101
603659.SH,20180611,20201211
603885.SH,20180611,20600101
603899.SH,20180611,20190614
600637.SH,20090105,20121231
600498.SH,20150615,20161209
000829.SZ,20070115,20070629
002378.SZ,20131216,20141212
002051.SZ,20100104,20121231
600883.SH,20070115,20091231
600022.SH,20151214,20160608
002075.SZ,20130701,20141212
600053.SH,20080701,20081231
002410.SZ,20160613,20190614
002106.SZ,20141215,20180608
600208.SH,20070115,20070629
600872.SH,20070115,20191213
600675.SH,20120104,20151211
002390.SZ,20141215,20600101
600302.SH,20070115,20090630
000810.SZ,20160613,20171208
600166.SH,20070702,20071228
000506.SZ,20120104,20150612
002396.SZ,20130104,20171208
600497.SH,20151214,20170609
000407.SZ,20070115,20120629
000883.SZ,20110701,20111230
300001.SZ,20160613,20600101
600664.SH,20150615,20600101
600190.SH,20080701,20110630
000825.SZ,20161212,20181214
600507.SH,20070115,20121231
600216.SH,20070115,20090630
600329.SH,20100104,20600101
600572.SH,20120104,20600101
600006.SH,20130701,20600101
000650.SZ,20100104,20100630
000917.SZ,20100701,20131213
600797.SH,20090105,20160608
000005.SZ,20090105,20111230
600323.SH,20070115,20120629
600388.SH,20151214,20600101
000913.SZ,20070115,20090630
600073.SH,20070702,20600101
600546.SH,20141215,20160608
601886.SH,20120702,20131213
000937.SZ,20160613,20600101
601311.SH,20120104,20191213
600071.SH,20070115,20081231
600699.SH,20131216,20171208
600112.SH,20100104,20170609
002612.SZ,20120702,20150612
002109.SZ,20070702,20071228
600981.SH,20080102,20110630
600479.SH,20070115,20070629
000723.SZ,20161212,20170609
603001.SH,20130104,20180608
600262.SH,20070115,20080630
002477.SZ,20120104,20190614
002585.SZ,20120104,20131213
002032.SZ,20080701,20090630
600790.SH,20070115,20171208
600175.SH,20140616,20170609
002093.SZ,20130426,20600101
002408.SZ,20110104,20600101
002186.SZ,20080701,20100630
600348.SH,20151214,20600101
000973.SZ,20070115,20170609
002638.SZ,20130104,20140613
000619.SZ,20070115,20111230
600826.SH,20070115,20111230
000671.SZ,20130701,20161209
000088.SZ,20100701,20161209
002038.SZ,20070115,20070629
600406.SH,20080102,20100630
600816.SH,20070115,20071228
002662.SZ,20130104,20151211
601588.SH,20130701,20140613
000543.SZ,20100104,20600101
600006.SH,20110701,20120629
300324.SZ,20161212,20600101
002128.SZ,20140616,20600101
002463.SZ,20110701,20111230
600651.SH,20080102,20181214
600061.SH,20070115,20121231
600517.SH,20120104,20181214
300026.SZ,20151214,20600101
000422.SZ,20131216,20151211
601801.SH,20110701,20170609
002727.SZ,20141215,20171208
002088.SZ,20100104,20111230
600819.SH,20070115,20070629
600267.SH,20100104,20101231
002191.SZ,20080701,20600101
000598.SZ,20110701,20131213
600195.SH,20080701,20600101
601880.SH,20120104,20600101
600503.SH,20120104,20141212
000753.SZ,20070115,20080630
002232.SZ,20100104,20130628
603568.SH,20151214,20600101
000571.SZ,20070115,20121231
002440.SZ,20110104,20600101
600435.SH,20110104,20600101
600131.SH,20070115,20100630
600499.SH,20090701,20140613
600428.SH,20120702,20201211
600246.SH,20110104,20131213
000515.SZ,20070115,20090505
000518.SZ,20070115,20071228
002049.SZ,20130701,20141212
600614.SH,20130104,20190614
002456.SZ,20130104,20131213
601001.SH,20141215,20200612
600306.SH,20070115,20070629
000572.SZ,20090105,20181214
000301.SZ,20190617,20600101
000826.SZ,20190617,20600101
000869.SZ,20190617,20600101
000883.SZ,20190617,20600101
000959.SZ,20190617,20600101
000983.SZ,20190617,20600101
002075.SZ,20190617,20600101
002085.SZ,20190617,20600101
002157.SZ,20190617,20191213
002217.SZ,20190617,20600101
002382.SZ,20190617,20600101
002387.SZ,20190617,20600101
002405.SZ,20190617,20191213
002419.SZ,20190617,20600101
002572.SZ,20190617,20600101
002607.SZ,20190617,20191213
002797.SZ,20190617,20600101
002812.SZ,20190617,20200612
002821.SZ,20190617,20201211
002926.SZ,20190617,20600101
002936.SZ,20190617,20600101
002941.SZ,20190617,20600101
002946.SZ,20190617,20600101
002948.SZ,20190617,20600101
300009.SZ,20190617,20600101
300207.SZ,20190617,20600101
600317.SH,20190617,20200612
600486.SH,20190617,20600101
600497.SH,20190617,20600101
600515.SH,20190617,20210312
600521.SH,20190617,20201211
600549.SH,20190617,20600101
600707.SH,20190617,20600101
600739.SH,20190617,20600101
600745.SH,20190617,20200612
600763.SH,20190617,20200612
600845.SH,20190617,20201211
600903.SH,20190617,20600101
600909.SH,20190617,20600101
600985.SH,20190617,20600101
601068.SH,20190617,20600101
601118.SH,20190617,20600101
601139.SH,20190617,20600101
601333.SH,20190617,20600101
601611.SH,20190617,20600101
601615.SH,20190617,20600101
601699.SH,20190617,20600101
603501.SH,20190617,20191213
603517.SH,20190617,20201211
603939.SH,20190617,20201211
002019.SZ,20161212,20600101
000897.SZ,20110104,20180608
600724.SH,20070702,20100630
002052.SZ,20140616,20150612
600198.SH,20100104,20171208
600616.SH,20100104,20150612
002508.SZ,20131216,20170609
600732.SH,20070115,20091231
002303.SZ,20100701,20110630
600456.SH,20130701,20161209
600422.SH,20130104,20181214
000830.SZ,20070115,20600101
600087.SH,20110701,20120629
600237.SH,20070115,20091231
600703.SH,20090701,20100630
002342.SZ,20100701,20101231
600325.SH,20070115,20071228
002310.SZ,20160613,20161209
600432.SH,20140616,20150612
002065.SZ,20090701,20130628
000708.SZ,20080701,20131213
002311.SZ,20100701,20111230
000608.SZ,20070115,20140613
300291.SZ,20150615,20190614
601011.SH,20120228,20150612
601588.SH,20110701,20121231
002073.SZ,20130701,20181214
000959.SZ,20141215,20150612
002690.SZ,20131216,20150612
600724.SH,20120104,20121231
002470.SZ,20120104,20140613
603169.SH,20150615,20190614
603708.SH,20200817,20600101
600458.SH,20070115,20191213
002032.SZ,20070115,20071228
002225.SZ,20100104,20151211
002203.SZ,20080701,20100630
603366.SH,20130104,20160608
601908.SH,20120702,20170609
000096.SZ,20070115,20090630
600300.SH,20120104,20130628
601107.SH,20120104,20121231
002194.SZ,20080701,20081231
002283.SZ,20120702,20140613
000998.SZ,20070115,20180608
600729.SH,20070115,20070629
600429.SH,20100104,20160608
002052.SZ,20070702,20111230
002017.SZ,20070115,20071228
600796.SH,20070115,20090630
002168.SZ,20110701,20170609
000581.SZ,20160613,20600101
000899.SZ,20070115,20120629
002745.SZ,20151214,20170609
600280.SH,20131216,20191213
000510.SZ,20070115,20150612
600191.SH,20070115,20111230
600376.SH,20141215,20160608
600260.SH,20130104,20600101
600600.SH,20161212,20190614
600531.SH,20070115,20140613
600623.SH,20160613,20161209
600143.SH,20150615,20600101
002480.SZ,20110701,20151211
300033.SZ,20150615,20151211
600866.SH,20070115,20130628
000151.SZ,20070115,20091231
002344.SZ,20100701,20111230
000415.SZ,20120702,20151211
000655.SZ,20090701,20100630
002103.SZ,20070702,20071228
000935.SZ,20120702,20141212
600717.SH,20160613,20600101
000513.SZ,20100701,20600101
002075.SZ,20080102,20081231
600682.SH,20160613,20170609
002285.SZ,20100701,20201211
600403.SH,20150615,20151211
600176.SH,20110104,20180608
600246.SH,20070702,20091231
600359.SH,20070115,20120629
000009.SZ,20171211,20600101
000156.SZ,20171211,20600101
000718.SZ,20171211,20600101
000807.SZ,20171211,20600101
000887.SZ,20171211,20600101
000977.SZ,20171211,20181214
000981.SZ,20171211,20180608
000987.SZ,20171211,20201211
000990.SZ,20171211,20600101
002032.SZ,20171211,20180608
002049.SZ,20171211,20200612
002131.SZ,20171211,20600101
002152.SZ,20171211,20600101
002183.SZ,20171211,20600101
002195.SZ,20171211,20600101
002280.SZ,20171211,20200612
002299.SZ,20171211,20191213
002359.SZ,20171211,20190614
002434.SZ,20171211,20600101
002506.SZ,20171211,20191213
002745.SZ,20171211,20600101
300133.SZ,20171211,20600101
300182.SZ,20171211,20600101
300197.SZ,20171211,20201211
600004.SH,20171211,20181214
600037.SH,20171211,20600101
600060.SH,20171211,20600101
600155.SH,20171211,20600101
600179.SH,20171211,20191213
600256.SH,20171211,20190614
600317.SH,20171211,20181214
600346.SH,20171211,20180608
600393.SH,20171211,20191213
600438.SH,20171211,20180608
600575.SH,20171211,20600101
600578.SH,20171211,20181214
600598.SH,20171211,20600101
600623.SH,20171211,20600101
600718.SH,20171211,20600101
600737.SH,20171211,20600101
600823.SH,20171211,20600101
600875.SH,20171211,20600101
600885.SH,20171211,20600101
600908.SH,20171211,20600101
600939.SH,20171211,20200612
601127.SH,20171211,20600101
601128.SH,20171211,20600101
601200.SH,20171211,20600101
601969.SH,20171211,20600101
603225.SH,20171211,20600101
600503.SH,20090701,20100630
600261.SH,20070115,20151211
000536.SZ,20110104,20110630
600979.SH,20070115,20071228
002204.SZ,20120702,20130628
600363.SH,20070115,20120629
002251.SZ,20131216,20191213
600259.SH,20110701,20111230
600290.SH,20070702,20130628
600962.SH,20070115,20100630
600268.SH,20070115,20141212
600468.SH,20070115,20170609
600966.SH,20070115,20120629
600326.SH,20070115,20131213
600969.SH,20070115,20080630
002180.SZ,20151214,20160608
600575.SH,20130701,20170609
600206.SH,20070115,20100630
600880.SH,20070115,20140613
600775.SH,20070702,20100630
002261.SZ,20160613,20181214
601003.SH,20120104,20120629
600259.SH,20141215,20600101
600420.SH,20070115,20120629
600351.SH,20100104,20170609
002431.SZ,20110104,20111230
601007.SH,20080102,20090630
000829.SZ,20090701,20101231
000409.SZ,20131216,20141212
002190.SZ,20150615,20181214
603589.SH,20151214,20181214
603019.SH,20150615,20181214
600636.SH,20120104,20151211
000677.SZ,20070115,20111230
002657.SZ,20151214,20181214
600717.SH,20120104,20140613
002498.SZ,20120702,20150612
002190.SZ,20120702,20141212
000685.SZ,20120104,20600101
600266.SH,20160613,20600101
002393.SZ,20110104,20151211
000603.SZ,20130104,20160608
002353.SZ,20110104,20111230
000799.SZ,20090105,20121231
600367.SH,20070115,20100630
600823.SH,20140616,20170609
600769.SH,20070115,20081231
000533.SZ,20070115,20130628
002670.SZ,20170118,20600101
000748.SZ,20080102,20110630
600512.SH,20070115,20091231
600809.SH,20151214,20171208
000607.SZ,20070115,20110630
000727.SZ,20070115,20091231
002051.SZ,20080102,20081231
002078.SZ,20100104,20600101
600570.SH,20100701,20141212
600192.SH,20070115,20101231
600449.SH,20090701,20141212
601608.SH,20130104,20151211
600490.SH,20130701,20150612
002010.SZ,20070115,20090630
000829.SZ,20120702,20191213
300113.SZ,20160613,20600101
600641.SH,20070115,20131213
600601.SH,20110701,20170609
000989.SZ,20070115,20120629
600220.SH,20120104,20171208
600803.SH,20140616,20160608
002110.SZ,20080701,20121231
002505.SZ,20141215,20150612
600157.SH,20070115,20070629
000993.SZ,20070115,20071228
000700.SZ,20070115,20090630
600052.SH,20090105,20111230
000031.SZ,20120104,20600101
600587.SH,20131216,20180608
000417.SZ,20070115,20171208
002027.SZ,20070115,20081231
002092.SZ,20131216,20600101
002678.SZ,20130104,20161209
000068.SZ,20090105,20100630
600088.SH,20080701,20170609
600159.SH,20070115,20100630
000850.SZ,20070115,20071228
000861.SZ,20100104,20170609
000429.SZ,20080102,20110630
000748.SZ,20141215,20170117
000978.SZ,20070115,20091231
601678.SH,20110104,20201211
600022.SH,20161212,20600101
000963.SZ,20070115,20121231
600160.SH,20140616,20600101
600039.SH,20130701,20600101
002038.SZ,20160613,20600101
002111.SZ,20070702,20071228
600054.SH,20070115,20141212
000503.SZ,20090701,20131213
000609.SZ,20080701,20101231
600074.SH,20151214,20160608
002305.SZ,20100701,20101231
600556.SH,20070115,20070629
000722.SZ,20070115,20071228
000676.SZ,20070115,20080630
601233.SH,20130701,20181214
000616.SZ,20070115,20171208
600012.SH,20090105,20111230
600275.SH,20070115,20080630
600584.SH,20070115,20200612
600418.SH,20130104,20600101
000910.SZ,20070115,20120629
002306.SZ,20100701,20140613
600586.SH,20070115,20171208
600867.SH,20070115,20131213
002449.SZ,20110104,20131213
600095.SH,20070115,20090630
600141.SH,20070115,20070629
600581.SH,20090701,20140613
600548.SH,20100701,20101231
600673.SH,20080701,20600101
600526.SH,20070115,20070629
600545.SH,20100701,20600101
000158.SZ,20070115,20121231
601101.SH,20140616,20160608
600546.SH,20070115,20100630
002254.SZ,20090701,20191213
002460.SZ,20161212,20171208
002463.SZ,20120702,20200612
600320.SH,20131216,20161209
600525.SH,20090105,20191213
300202.SZ,20141215,20190614
002595.SZ,20140616,20170609
600232.SH,20070115,20081231
600004.SH,20120104,20161209
600480.SH,20070115,20130628
600187.SH,20140616,20181214
600827.SH,20070115,20110822
002416.SZ,20161212,20600101
000909.SZ,20070115,20070629
300199.SZ,20150615,20200612
600806.SH,20070115,20120629
600612.SH,20120702,20150612
002006.SZ,20120104,20131213
000785.SZ,20070115,20081231
600518.SH,20070115,20090630
600340.SH,20120702,20121231
600819.SH,20080102,20081231
600801.SH,20090105,20600101
600470.SH,20130104,20140613
600103.SH,20070115,20131213
600266.SH,20140616,20150612
000695.SZ,20070115,20091231
000690.SZ,20120104,20600101
000869.SZ,20150615,20170609
600223.SH,20110104,20140613
000703.SZ,20140616,20181214
600219.SH,20141215,20171208
000707.SZ,20070115,20071228
600058.SH,20150615,20201211
600561.SH,20070115,20080630
600201.SH,20140616,20600101
600555.SH,20080102,20111230
600582.SH,20140616,20150612
002176.SZ,20161212,20200612
600829.SH,20090701,20140613
000927.SZ,20120104,20150612
000600.SZ,20080102,20080630
600594.SH,20150615,20190614
600426.SH,20070115,20080630
000070.SZ,20070115,20081231
000597.SZ,20070115,20121231
600270.SH,20100701,20190117
600633.SH,20120702,20131213
600267.SH,20070702,20090630
600067.SH,20070115,20170609
000859.SZ,20070115,20101231
600965.SH,20070115,20091231
002482.SZ,20110701,20200612
000777.SZ,20070115,20180608
600863.SH,20161212,20600101
000961.SZ,20070115,20080630
600199.SH,20131216,20151211
300059.SZ,20141215,20150612
000021.SZ,20130104,20600101
300297.SZ,20161212,20200612
600435.SH,20090701,20091231
002273.SZ,20130701,20600101
601369.SH,20140616,20161209
000680.SZ,20130104,20180608
000532.SZ,20070115,20110630
600139.SH,20100701,20141212
000620.SZ,20120104,20171208
000419.SZ,20070115,20091231
600674.SH,20070115,20081231
000631.SZ,20110104,20170609
600386.SH,20090105,20130628
000878.SZ,20160613,20600101
002154.SZ,20110823,20141212
002707.SZ,20161212,20191213
600038.SH,20080701,20141212
002064.SZ,20070702,20600101
600648.SH,20070702,20090630
000713.SZ,20070115,20131213
000030.SZ,20131216,20161209
600802.SH,20070115,20101231
600382.SH,20070115,20100630
600777.SH,20070115,20101231
600322.SH,20070115,20141212
002167.SZ,20130701,20140613
600981.SH,20161212,20170609
600287.SH,20080102,20130628
600976.SH,20070115,20080630
600333.SH,20070702,20150612
000999.SZ,20161212,20600101
000541.SZ,20090105,20191213
002040.SZ,20070115,20090630
600393.SH,20070115,20091231
600679.SH,20070115,20070629
600516.SH,20151214,20180608
601000.SH,20110104,20121231
300144.SZ,20141215,20151211
600644.SH,20100104,20130628
002063.SZ,20120702,20180608
000155.SZ,20070115,20101231
600396.SH,20070115,20101231
000565.SZ,20090105,20100630
000698.SZ,20070702,20131213
002018.SZ,20140616,20151211
600408.SH,20070115,20140613
600654.SH,20070115,20160608
002109.SZ,20100104,20121231
000962.SZ,20080102,20151211
600460.SH,20080102,20600101
000821.SZ,20070115,20090630
600098.SH,20161212,20200612
600292.SH,20070115,20181214
002065.SZ,20070702,20071228
603198.SH,20160613,20600101
000893.SZ,20100701,20130628
300274.SZ,20150615,20600101
600633.SH,20160613,20600101
600169.SH,20140616,20191213
600478.SH,20090701,20201211
600997.SH,20140616,20160608
000046.SZ,20070115,20070629
000563.SZ,20070115,20600101
600835.SH,20110104,20600101
002007.SZ,20070115,20071228
600963.SH,20090105,20141212
601216.SH,20130701,20140613
600765.SH,20090105,20600101
000733.SZ,20070115,20111230
000818.SZ,20070115,20091231
000012.SZ,20141215,20600101
002106.SZ,20100104,20110630
600463.SH,20070115,20080630
600288.SH,20070115,20121231
000667.SZ,20110701,20190614
002444.SZ,20110104,20600101
600597.SH,20151214,20600101
600581.SH,20070115,20081231
002022.SZ,20070115,20090630
600776.SH,20070115,20070629
000831.SZ,20070115,20100630
002383.SZ,20110104,20121231
000585.SZ,20070115,20081231
000877.SZ,20090701,20600101
600470.SH,20070115,20100630
600740.SH,20120702,20150612
600881.SH,20131216,20600101
000809.SZ,20130104,20150612
000301.SZ,20070115,20070629
600740.SH,20070115,20091231
000525.SZ,20070115,20160608
002028.SZ,20120104,20600101
002327.SZ,20130701,20170609
000932.SZ,20120702,20131213
002054.SZ,20070115,20070629
600606.SH,20070115,20110630
603355.SH,20151214,20600101
000518.SZ,20120104,20141212
000596.SZ,20140616,20190614
600829.SH,20080701,20081231
600897.SH,20070115,20111230
601607.SH,20080701,20100630
600736.SH,20070115,20171208
600171.SH,20080102,20600101
002292.SZ,20100701,20140613
002317.SZ,20130701,20600101
600035.SH,20080701,20111230
600755.SH,20070115,20080630
600403.SH,20070115,20070629
600400.SH,20070115,20100630
000970.SZ,20080701,20120629
600635.SH,20120702,20181214
002475.SZ,20110701,20131213
600607.SH,20070115,20100211
600433.SH,20141215,20170609
300088.SZ,20141215,20600101
000062.SZ,20070115,20110630
000400.SZ,20090105,20131213
002399.SZ,20161212,20170609
000799.SZ,20131216,20141212
600686.SH,20070115,20120629
000882.SZ,20070115,20110630
002491.SZ,20161212,20201211
002512.SZ,20160613,20191213
000977.SZ,20131216,20150612
600210.SH,20110701,20130628
000543.SZ,20070115,20071228
600315.SH,20161212,20600101
600553.SH,20070115,20110217
600169.SH,20070115,20080630
000988.SZ,20070115,20600101
002353.SZ,20160613,20600101
600785.SH,20070115,20081231
600399.SH,20070115,20101231
600530.SH,20070115,20101231
000806.SZ,20161212,20181214
002152.SZ,20100701,20110630
600682.SH,20080701,20110630
002311.SZ,20140616,20180608
600284.SH,20070115,20180608
000987.SZ,20070115,20141212
600064.SH,20070115,20071228
600483.SH,20151214,20170609
600522.SH,20070115,20170609
600114.SH,20070115,20080630
600072.SH,20090105,20131213
600436.SH,20090506,20100630
600870.SH,20070115,20071228
601689.SH,20161212,20600101
600860.SH,20070115,20090630
000589.SZ,20070115,20110630
600135.SH,20070115,20091231
000601.SZ,20070702,20131213
600315.SH,20070115,20090630
600978.SH,20090701,20191213
002244.SZ,20130104,20130628
603868.SH,20161212,20600101
600963.SH,20070115,20071228
600479.SH,20090105,20141212
000518.SZ,20090105,20090630
600060.SH,20080102,20101231
000584.SZ,20070115,20111230
000819.SZ,20070115,20100630
002041.SZ,20070115,20190614
002019.SZ,20080102,20110630
002701.SZ,20130701,20600101
000650.SZ,20110701,20160608
600508.SH,20131216,20141212
000823.SZ,20070115,20151211
000936.SZ,20070115,20130628
600848.SH,20170214,20191213
002429.SZ,20110104,20140613
600754.SH,20131216,20161209
600022.SH,20110701,20120629
002574.SZ,20120702,20151211
000617.SZ,20080102,20121231
600216.SH,20141215,20600101
600693.SH,20090701,20111230
000066.SZ,20080102,20200612
600846.SH,20070115,20120629
000602.SZ,20070115,20091231
000976.SZ,20070115,20091231
000990.SZ,20070115,20111230
600917.SH,20150615,20600101
000681.SZ,20141215,20600101
600501.SH,20080701,20131213
600060.SH,20110701,20120629
002344.SZ,20151214,20191213
000600.SZ,20150615,20600101
600621.SH,20070115,20101231
600228.SH,20070115,20070629
002305.SZ,20130104,20141212
600339.SH,20070115,20130628
000982.SZ,20130701,20150612
600693.SH,20070115,20070629
600836.SH,20090701,20111230
000881.SZ,20070115,20100630
000049.SZ,20070115,20070629
600086.SH,20070115,20190614
600776.SH,20080102,20180608
000972.SZ,20070115,20120629
603005.SH,20141215,20171208
600128.SH,20090105,20110630
000911.SZ,20070115,20130628
000612.SZ,20120104,20190614
002069.SZ,20140616,20151211
002714.SZ,20151214,20161209
000851.SZ,20070115,20090630
601566.SH,20120104,20120629
600708.SH,20070115,20111230
000488.SZ,20110104,20600101
002310.SZ,20100701,20110630
002366.SZ,20160613,20200612
600017.SH,20110701,20201211
600358.SH,20070115,20091231
600315.SH,20100104,20101231
002422.SZ,20161212,20180608
600704.SH,20070115,20160608
600398.SH,20140616,20141212
600895.SH,20141215,20151211
600618.SH,20080102,20190614
600648.SH,20130701,20131213
600687.SH,20160613,20190614
600436.SH,20110701,20130628
600507.SH,20130701,20161209
002200.SZ,20090701,20100630
600078.SH,20080102,20150612
600389.SH,20140616,20151211
002084.SZ,20080102,20081231
000931.SZ,20090105,20170609
600729.SH,20130104,20600101
000718.SZ,20141215,20160608
600888.SH,20070115,20141212
000637.SZ,20080701,20090630
300166.SZ,20160613,20600101
300156.SZ,20161212,20171208
002013.SZ,20130701,20190614
600158.SH,20070115,20070629
600874.SH,20100701,20201211
600747.SH,20100701,20151211
002276.SZ,20100104,20190614
603077.SH,20130104,20600101
002646.SZ,20131216,20171208
600676.SH,20070115,20121231
600640.SH,20070115,20111230
002274.SZ,20090701,20101231
600094.SH,20130104,20141212
601388.SH,20130104,20150612
600826.SH,20130104,20180608
600816.SH,20100701,20160608
000046.SZ,20200615,20600101
000415.SZ,20200615,20600101
000629.SZ,20200615,20600101
000630.SZ,20200615,20600101
000739.SZ,20200615,20600101
000785.SZ,20200615,20201211
000800.SZ,20200615,20201211
000898.SZ,20200615,20600101
001914.SZ,20200615,20600101
002010.SZ,20200615,20600101
002080.SZ,20200615,20600101
002081.SZ,20200615,20600101
002124.SZ,20200615,20600101
002138.SZ,20200615,20600101
002156.SZ,20200615,20600101
002185.SZ,20200615,20600101
002294.SZ,20200615,20600101
002396.SZ,20200615,20600101
002429.SZ,20200615,20600101
002458.SZ,20200615,20600101
002506.SZ,20200615,20600101
002511.SZ,20200615,20600101
002557.SZ,20200615,20600101
002563.SZ,20200615,20600101
002595.SZ,20200615,20600101
002648.SZ,20200615,20600101
002901.SZ,20200615,20600101
300017.SZ,20200615,20600101
300024.SZ,20200615,20600101
300070.SZ,20200615,20600101
300212.SZ,20200615,20600101
300271.SZ,20200615,20600101
300357.SZ,20200615,20600101
300474.SZ,20200615,20600101
300482.SZ,20200615,20600101
300496.SZ,20200615,20600101
300558.SZ,20200615,20201211
300595.SZ,20200615,20600101
300618.SZ,20200615,20600101
300630.SZ,20200615,20600101
600153.SH,20200615,20600101
600529.SH,20200615,20600101
600535.SH,20200615,20600101
600566.SH,20200615,20600101
600667.SH,20200615,20600101
600675.SH,20200615,20600101
600733.SH,20200615,20600101
601512.SH,20200615,20600101
603605.SH,20200615,20600101
603786.SH,20200615,20600101
002430.SZ,20110104,20120629
600896.SH,20070115,20111230
002226.SZ,20130104,20150612
600252.SH,20100701,20110630
000930.SZ,20080701,20600101
000550.SZ,20080701,20101231
600611.SH,20110701,20191213
600727.SH,20070115,20090630
002242.SZ,20140616,20600101
600810.SH,20070115,20130628
000517.SZ,20160613,20171208
002646.SZ,20120702,20130628
002640.SZ,20160613,20600101
002018.SZ,20161212,20180608
000426.SZ,20070115,20200612
002648.SZ,20120702,20160608
002573.SZ,20130104,20200612
601929.SH,20130701,20140613
300257.SZ,20151214,20600101
002447.SZ,20130701,20141212
603025.SH,20151214,20201211
002048.SZ,20070115,20600101
000029.SZ,20080701,20121231
002223.SZ,20110104,20600101
600487.SH,20070115,20171208
600823.SH,20090105,20091231
600295.SH,20100104,20131213
000626.SZ,20070115,20080630
600279.SH,20070115,20091231
002424.SZ,20120104,20151211
601519.SH,20120702,20150612
600277.SH,20130701,20140613
600389.SH,20090105,20100630
600298.SH,20070115,20070629
002322.SZ,20100701,20110630
002314.SZ,20100701,20111230
600619.SH,20070115,20070629
600685.SH,20070115,20070629
000816.SZ,20070115,20180608
600277.SH,20160613,20600101
600398.SH,20070115,20111230
600605.SH,20070115,20081231
600754.SH,20080701,20120629
600770.SH,20100104,20111230
000951.SZ,20120104,20160608
600269.SH,20120104,20140613
603528.SH,20161212,20180608
600592.SH,20070115,20101231
000790.SZ,20070115,20080630
600685.SH,20110104,20151211
600316.SH,20151214,20600101
600387.SH,20070115,20151211
000655.SZ,20110104,20141212
600692.SH,20070115,20110630
600756.SH,20070115,20080630
601598.SH,20190118,20190614
600138.SH,20070115,20201211
600815.SH,20070115,20141212
000719.SZ,20130104,20160608
000517.SZ,20110104,20140613
002217.SZ,20151214,20171208
600751.SH,20151214,20201211
002479.SZ,20110701,20181214
000961.SZ,20100104,20100630
600993.SH,20100104,20191213
600869.SH,20120104,20600101
600392.SH,20131216,20600101
600195.SH,20070115,20070629
600759.SH,20090105,20200612
600773.SH,20110701,20190614
300253.SZ,20141215,20201211
600565.SH,20160613,20201211
000690.SZ,20070115,20070629
002137.SZ,20080102,20081231
002392.SZ,20120702,20180608
000531.SZ,20070115,20090630
300267.SZ,20150615,20160608
000060.SZ,20181217,20600101
000537.SZ,20181217,20600101
000559.SZ,20181217,20600101
000564.SZ,20181217,20210312
000623.SZ,20181217,20600101
000717.SZ,20181217,20600101
000723.SZ,20181217,20191213
000932.SZ,20181217,20600101
000998.SZ,20181217,20600101
002074.SZ,20181217,20600101
002372.SZ,20181217,20600101
002385.SZ,20181217,20600101
002470.SZ,20181217,20200814
002500.SZ,20181217,20600101
002507.SZ,20181217,20600101
300027.SZ,20181217,20200612
300168.SZ,20181217,20600101
300316.SZ,20181217,20600101
300347.SZ,20181217,20190614
300413.SZ,20181217,20190614
300450.SZ,20181217,20191213
300459.SZ,20181217,20600101
600008.SH,20181217,20600101
600373.SH,20181217,20600101
600507.SH,20181217,20600101
600567.SH,20181217,20600101
600699.SH,20181217,20600101
600779.SH,20181217,20600101
600782.SH,20181217,20600101
600804.SH,20181217,20600101
600820.SH,20181217,20600101
600901.SH,20181217,20600101
600959.SH,20181217,20600101
601003.SH,20181217,20600101
601005.SH,20181217,20600101
601100.SH,20181217,20200612
601106.SH,20181217,20600101
601231.SH,20181217,20200612
601326.SH,20181217,20200612
601718.SH,20181217,20600101
601866.SH,20181217,20600101
601869.SH,20181217,20600101
601958.SH,20181217,20600101
601990.SH,20181217,20190614
603233.SH,20181217,20201211
603486.SH,20181217,20600101
603650.SH,20181217,20600101
603712.SH,20181217,20600101
603866.SH,20181217,20600101
600811.SH,20140616,20600101
600247.SH,20070115,20081231
002030.SZ,20141215,20600101
000528.SZ,20140616,20600101
000712.SZ,20080701,20150612
002400.SZ,20150615,20190614
600197.SH,20070115,20150612
002001.SZ,20151214,20180608
002133.SZ,20080102,20110630
000735.SZ,20070115,20070629
600827.SH,20120104,20120629
600062.SH,20080102,20080630
002275.SZ,20130701,20151211
600636.SH,20070115,20101231
000887.SZ,20090105,20161209
600117.SH,20100104,20140613
600110.SH,20100104,20151211
600622.SH,20070115,20131213
002287.SZ,20100701,20111230
000050.SZ,20151214,20180608
002241.SZ,20090701,20110630
002081.SZ,20110104,20110630
600885.SH,20070115,20070629
600310.SH,20080102,20090630
600683.SH,20070115,20141212
002602.SZ,20160613,20170609
600132.SH,20131216,20161209
600360.SH,20070115,20121231
603567.SH,20151214,20171208
002122.SZ,20130701,20180608
000815.SZ,20070115,20091231
002153.SZ,20131216,20141212
000970.SZ,20151214,20600101
600397.SH,20130104,20170609
002076.SZ,20070702,20071228
002603.SZ,20151214,20600101
600961.SH,20090701,20130628
600255.SH,20070115,20101231
600079.SH,20150615,20600101
600838.SH,20070115,20111230
600840.SH,20070115,20090826
000513.SZ,20070115,20091231
601699.SH,20160613,20180608
600122.SH,20070115,20190614
002332.SZ,20100701,20191213
002018.SZ,20090105,20100630
600053.SH,20160613,20600101
000627.SZ,20070115,20141212
600528.SH,20140616,20171208
002373.SZ,20150615,20600101
000598.SZ,20070115,20091231
603555.SH,20140616,20170609
000795.SZ,20070115,20081231
002088.SZ,20070702,20071228
000537.SZ,20070115,20120629
600438.SH,20080701,20081231
000750.SZ,20120702,20121231
600166.SH,20160613,20600101
000715.SZ,20070115,20070629
002663.SZ,20130104,20190614
600511.SH,20100701,20600101
000679.SZ,20070115,20101231
000159.SZ,20090701,20131213
000090.SZ,20070115,20600101
600602.SH,20070702,20080630
000668.SZ,20070115,20080630
600729.SH,20080701,20100630
300055.SZ,20151214,20191213
600307.SH,20161212,20600101
002181.SZ,20080701,20161209
600877.SH,20070115,20120629
600127.SH,20070115,20121231
000686.SZ,20070115,20071228
002050.SZ,20130104,20180608
600858.SH,20090701,20141212
002315.SZ,20100701,20171208
600536.SH,20070115,20080630
600697.SH,20070115,20071228
600091.SH,20070115,20090630
600327.SH,20070115,20111230
600589.SH,20070115,20140613
002038.SZ,20100701,20111230
002153.SZ,20090105,20090630
002430.SZ,20130104,20160608
600743.SH,20100104,20190614
002107.SZ,20100104,20101231
002008.SZ,20080102,20140613
600783.SH,20110104,20111230
600075.SH,20070115,20130628
600750.SH,20070115,20191213
002581.SZ,20161212,20170609
600563.SH,20070115,20600101
601002.SH,20080701,20180608
600770.SH,20130701,20201211
000050.SZ,20070115,20150612
600543.SH,20100104,20111230
600764.SH,20070115,20090630
600720.SH,20070115,20171208
600655.SH,20150615,20190614
002092.SZ,20070702,20101231
600064.SH,20080701,20600101
600713.SH,20070115,20091231
002074.SZ,20160613,20161209
601000.SH,20130701,20600101
300122.SZ,20151214,20160608
000550.SZ,20120104,20161209
600485.SH,20070115,20080630
002320.SZ,20100701,20150612
600072.SH,20070115,20080630
002466.SZ,20150615,20161209
000731.SZ,20070115,20110630
600416.SH,20070115,20191213
002029.SZ,20090105,20100630
002268.SZ,20160613,20600101
600578.SH,20070702,20101231
002237.SZ,20090701,20160608
601666.SH,20141215,20161209
002269.SZ,20141215,20180608
600798.SH,20070702,20110630
600620.SH,20070115,20100630
600995.SH,20070115,20130628
002038.SZ,20080701,20090630
002140.SZ,20080102,20080630
600184.SH,20120104,20190614
002287.SZ,20130701,20131213
600804.SH,20080102,20080630
000598.SZ,20160613,20600101
000925.SZ,20100104,20130628
600021.SH,20110104,20151211
600376.SH,20070115,20080630
002216.SZ,20130104,20161209
000912.SZ,20100104,20131213
600158.SH,20100701,20600101
600130.SH,20070115,20081231
600623.SH,20100104,20121231
601677.SH,20130104,20131213
600239.SH,20120104,20150612
600151.SH,20120702,20191213
002172.SZ,20080701,20120629
000587.SZ,20130701,20191213
002049.SZ,20150615,20161209
600569.SH,20110104,20121231
000752.SZ,20070115,20081231
600401.SH,20130701,20150612
600993.SH,20070115,20070629
002047.SZ,20070115,20080630
600523.SH,20070115,20130628
600549.SH,20161212,20170213
000755.SZ,20090701,20130628
600388.SH,20070115,20140613
000822.SZ,20120104,20140613
601099.SH,20140616,20150612
600179.SH,20070115,20091231
002216.SZ,20090701,20100630
002375.SZ,20110104,20110630
600640.SH,20131216,20600101
000594.SZ,20070115,20120629
600436.SH,20150615,20170609
002251.SZ,20090105,20110630
002114.SZ,20080102,20081231
002055.SZ,20070115,20070629
600391.SH,20070115,20101231
300010.SZ,20160613,20600101
002400.SZ,20131216,20140613
600566.SH,20150615,20160608
000089.SZ,20110104,20120629
002174.SZ,20141215,20160608
002416.SZ,20131216,20140613
000701.SZ,20070115,20081231
600160.SH,20080102,20111230
600141.SH,20090105,20600101
000918.SZ,20120702,20131213
603698.SH,20150615,20171208
002182.SZ,20080701,20100630
600033.SH,20110701,20121231
